{
    "name": "GaussianA",
    "params": {
      "shift": {
        "value": 0.5,
        "error": 0,
        "min": -5,
        "max": 5,
        "unit": "",
        "fittable": true,
        "fit": true
      },
      "width": {
        "value": 0.5,
        "error": 0,
        "min": 0,
        "max": 5,
        "unit": "",
        "fittable": true,
        "fit": true
      },
      "scale": {
        "value": 1.1,
        "error": 0,
        "min": 0.1,
        "max": 5,
        "unit": "",
        "fittable": true,
        "fit": true
      }
    },
    "yCalcArray": [1.446858484343211e-48, 4.09208357362292e-44, 7.01965379286687e-40, 7.303644919538809e-36, 4.6091025139438374e-32, 1.764191979603502e-28, 4.095699433925562e-25, 5.76717422969981e-22, 4.925505685890132e-19, 2.5514751132679267e-16, 8.016496505401662e-14, 1.5276738251460423e-11, 1.765750860704173e-09, 1.2378869219118504e-07, 5.26362913134191e-06, 0.00013575078449534753, 0.0021234995498504803, 0.0201472027776076, 0.11593914701805078, 0.4046673852885866, 0.8566808613785455, 1.1, 0.8566808613785455, 0.4046673852885866, 0.11593914701805078, 0.0201472027776076, 0.0021234995498504803, 0.00013575078449534753, 5.26362913134191e-06, 1.2378869219118504e-07, 1.765750860704173e-09, 1.5276738251460423e-11, 8.016496505401662e-14, 2.5514751132679267e-16, 4.925505685890132e-19, 5.76717422969981e-22, 4.095699433925562e-25, 1.764191979603502e-28, 4.6091025139438374e-32, 7.303644919538809e-36, 7.01965379286687e-40]
}
