{
    "name": "PicoScopeA",
    "params": {
      "xMin": {
        "value": -10.0,
        "fittable": false
      },
      "xMax": {
        "value": 10.0,
        "fittable": false
      },
      "xStep": {
        "value": 0.5,
        "fittable": false
      },
      "background_min": {
        "value": 0.5,
        "error": 0,
        "min": -5,
        "max": 5,
        "unit": "",
        "fittable": true,
        "fit": true
      },
      "background_max": {
        "value": 0.75,
        "error": 0,
        "min": -5,
        "max": 5,
        "unit": "",
        "fittable": true,
        "fit": true
      }
    },
    "xArray": [-10.0, -9.5, -9.0, -8.5, -8.0, -7.5, -7.0, -6.5, -6.0, -5.5, -5.0, -4.5, -4.0, -3.5, -3.0, -2.5, -2.0, -1.5, -1.0, -0.5, 0.0, 0.5, 1.0, 1.5, 2.0, 2.5, 3.0, 3.5, 4.0, 4.5, 5.0, 5.5, 6.0, 6.5, 7.0, 7.5, 8.0, 8.5, 9.0, 9.5, 10.0],
    "yMeasArray": [0.4837129254507315, 0.5511305798229396, 0.41456284455114933, 0.48404264986693724, 0.46515177684865777, 0.47258258654982926, 0.5205411394973696, 0.5996038595240007, 0.6847948049014249, 0.8275114082053687, 0.9688721914027683, 1.2467332925979964, 1.4355891091424966, 1.9052553513350756, 2.0959901946165154, 2.5758106867823063, 2.829717071953717, 3.1021987707609533, 3.2245171083047683, 3.379281882143549, 3.422247205771032, 3.061304664358094, 2.387075527292456, 1.9832936069129854, 1.6541342528321805, 1.3770759514849138, 1.0021038356911642, 0.8400614106099333, 0.7644074502357919, 0.843620215603888, 0.6529584639953895, 0.7008363925971165, 0.8023785047153356, 0.7177091923351727, 0.752915392377775, 0.6826688073357206, 0.7626087100465334, 0.7982855248168439, 0.6411950188151504, 0.7937908257824738, 0.8477758409785168]
}
